Game,Player Counts
Counter-Strike 2,"1,100,609"
Dota 2,"643,444"
PUBG: BATTLEGROUNDS,"325,941"
Call of Duty®,"151,322"
Rust,"143,743"
Grand Theft Auto V,"135,668"
Banana,"127,035"
Apex Legends,"94,870"
War Thunder,"83,037"
Wallpaper Engine,"79,653"
THRONE AND LIBERTY,"77,068"
EA SPORTS FC 25,"74,485"
Farming Simulator 25,"70,538"
Baldur's Gate 3,"70,179"
S.T.A.L.K.E.R. 2: Heart of Chornobyl,"69,058"
Crosshair X,"65,200"
Stardew Valley,"62,445"
NARAKA: BLADEPOINT,"60,229"
Hearts of Iron IV,"59,933"
Team Fortress 2,"59,654"
Warframe,"53,578"
Football Manager 2024,"52,444"
Factorio,"51,798"
DayZ,"50,838"
Sid Meier's Civilization VI,"47,646"
Spacewar,"46,060"
Dead by Daylight,"42,272"
Euro Truck Simulator 2,"41,915"
NARAKA: BLADEPOINT,"41,660"
Once Human,"40,812"
Destiny 2,"35,841"
Overwatch® 2,"35,085"
VRChat,"34,872"
Cyberpunk 2077,"34,420"
The Binding of Isaac: Rebirth,"33,616"
The Sims™ 4,"33,014"
Valheim,"32,466"
Satisfactory,"31,529"
Terraria,"30,573"
Garry's Mod,"30,535"
Monster Hunter: World,"30,467"
ELDEN RING,"29,640"
Red Dead Redemption 2,"29,587"
tModLoader,"28,921"
SUPERVIVE,"28,668"
The Elder Scrolls V: Skyrim Special Edition,"28,533"
Project Zomboid,"28,448"
7 Days to Die,"28,324"
HELLDIVERS™ 2,"27,794"
Total War: WARHAMMER III,"27,649"
ARK: Survival Evolved,"27,533"
Left 4 Dead 2,"27,302"
Don't Starve Together,"26,554"
Crab Game,"25,919"
FINAL FANTASY XIV Online,"25,209"
Governor of Poker 3,"24,841"
Phasmophobia,"24,560"
RimWorld,"23,504"
Rocket League,"23,493"
BeamNG.drive,"23,358"
Enshrouded,"22,979"
Lost Ark,"22,122"
Geometry Dash,"22,110"
Path of Exile,"21,909"
Cats,"21,898"
Farming Simulator 22,"21,706"
New World: Aeternum,"21,543"
Strinova,"21,242"
The Forest,"21,159"
Crusader Kings III,"21,071"
Age of Empires II: Definitive Edition,"20,536"
Palworld,"19,406"
Mount & Blade II: Bannerlord,"19,403"
MIR4,"18,879"
Half-Life 2,"18,837"
Sid Meier's Civilization V,"18,376"
Unturned,"18,139"
Soundpad,"18,134"
Black Myth: Wukong,"17,923"
Balatro,"17,915"
Tapple,"17,474"
Fallout 4,"17,256"
Europa Universalis IV,"17,238"
Squad,"17,165"
Sons Of The Forest,"16,828"
THE FINALS,"16,714"
Counter-Strike,"16,673"
ARK: Survival Ascended,"16,658"
SCUM,"16,644"
Lethal Company,"16,559"
Hogwarts Legacy,"16,516"
STALCRAFT: X,"16,487"
Yu-Gi-Oh! Master Duel,"15,951"
Black Desert,"15,813"
Stellaris,"15,733"
Assetto Corsa,"15,659"
The Witcher 3: Wild Hunt,"15,649"
Arma 3,"15,577"
Dragon Age™: The Veilguard,"15,385"
Cities: Skylines,"15,299"
Crosshair V2,"14,971"
Killing Floor 2,"14,695"
NBA 2K25,"14,682"
Forza Horizon 5,"14,341"
Luma Island,"14,283"
Hunt: Showdown 1896,"14,281"
Brotato,"14,015"
Brawlhalla,"13,965"
eFootball™,"13,859"
The Elder Scrolls Online,"13,627"
No Man's Sky,"13,386"
EA SPORTS FC™ 24,"13,147"
OBS Studio,"13,064"
"Warhammer 40,000: Space Marine 2","12,526"
Deep Rock Galactic,"12,230"
Counter-Strike: Source,"12,181"
Forza Horizon 4,"12,008"
20 Small Mazes,"11,869"
Cookie Clicker,"11,706"
Dark and Darker,"11,611"
Battlefield™ 2042,"11,492"
World of Tanks Blitz,"11,248"
Oxygen Not Included,"11,147"
Street Fighter™ 6,"10,850"
Liar's Bar,"10,801"
Limbus Company,"10,780"
Diablo® IV,"10,766"
Bloons TD 6,"10,707"
Raft,"10,639"
Victoria 3,"10,606"
Slay the Spire,"10,363"
Albion Online,"10,097"
Warhammer: Vermintide 2,"10,057"
Subnautica,"10,028"
theHunter: Call of the Wild™,"10,017"
PAYDAY 2,"9,771"
Russian Fishing 4,"9,670"
Supermarket Together,"9,505"
"Warhammer 40,000: Darktide","9,447"
Eternal Return,"9,368"
Fallout 76,"9,336"
Age of Empires IV: Anniversary Edition,"9,314"
Metaphor: ReFantazio,"9,123"
Conan Exiles,"9,080"
Blender,"8,885"
American Truck Simulator,"8,866"
Legends of Idleon MMO,"8,854"
Cities: Skylines II,"8,805"
The First Descendant,"8,762"
Sea of Thieves,"8,728"
Elin,"8,511"
Assassin's Creed Odyssey,"8,443"
Slime Rancher,"8,421"
Summoners War,"8,349"
Foxhole,"8,309"
Revolution Idle,"8,217"
DDNet,"8,188"
Goose Goose Duck,"8,152"
TCG Card Shop Simulator,"7,684"
Battlefield™ V,"7,637"
SCP: Secret Laboratory,"7,636"
ASTRONEER,"7,580"
Space Engineers,"7,517"
World of Warships,"7,508"
Medieval Dynasty,"7,480"
Gray Zone Warfare,"7,450"
Elite Dangerous,"7,439"
Kingdom Come: Deliverance,"7,407"
MapleStory,"7,338"
MONSTER HUNTER RISE,"7,314"
Risk of Rain 2,"7,304"
Magic: The Gathering Arena,"7,275"
Total War: ROME II - Emperor Edition,"7,260"
Microsoft Flight Simulator 2024,"7,259"
Battlefield 1 ™,"7,247"
Dying Light,"7,123"
Hollow Knight,"7,117"
Microsoft Flight Simulator,"7,085"
VTube Studio,"6,960"
Hell Let Loose,"6,945"
TEKKEN 8,"6,830"
Vampire Survivors,"6,801"
YoloMouse,"6,798"
DSX,"6,765"
People Playground,"6,729"
ATLYSS,"6,718"
House Flipper,"6,598"
Core Keeper,"6,554"
WEBFISHING,"6,491"
Far Cry 5,"6,434"
HITMAN World of Assassination,"6,350"
Palia,"6,174"
Among Us,"6,167"
Starfield,"6,135"
It Takes Two,"6,072"
Northgard,"6,070"
HoloCure - Save the Fans!,"6,065"
The Isle,"6,025"
DRAGON QUEST III HD-2D Remake,"5,994"
Disney Dreamlight Valley,"5,966"
DARK SOULS™ III,"5,940"
Ready or Not,"5,876"
Persona 5 Royal,"5,865"
Darkest Dungeon®,"5,792"
"Warhammer 40,000: Rogue Trader","5,784"
Resident Evil 4,"5,738"
Enlisted,"5,731"
Football Manager 2023,"5,706"
SnowRunner,"5,684"
DRAGON BALL: Sparking! ZERO,"5,682"
Buckshot Roulette,"5,655"
Stumble Guys,"5,629"
Borderlands 3,"5,605"
Tabletop Simulator,"5,597"
Soulmask,"5,567"
Supermarket Simulator,"5,559"
Aimlabs,"5,484"
Icarus,"5,469"
Need for Speed™ Unbound,"5,359"
Ghost of Tsushima DIRECTOR'S CUT,"5,347"
Detroit: Become Human,"5,315"
Divinity: Original Sin 2,"5,211"
Hades,"5,141"
SMITE,"5,105"
V Rising,"5,083"
Lust Goddess,"5,073"
Manor Lords,"5,032"
Age of Empires III: Definitive Edition,"4,980"
STAR WARS™: The Old Republic™,"4,969"
F1® 24,"4,961"
Hero's Land,"4,912"
God of War Ragnarök,"4,881"
Age of Wonders 4,"4,849"
Grounded,"4,785"
XCOM 2,"4,781"
Kenshi,"4,742"
Aseprite,"4,623"
Age of Mythology: Retold,"4,622"
World of Tanks,"4,532"
EVE Online,"4,530"
Brighter Shores,"4,496"
Sekiro™: Shadows Die Twice,"4,413"
Dying Light 2: Reloaded Edition,"4,370"
Pathfinder: Wrath of the Righteous - Enhanced Edition,"4,362"
Planet Zoo,"4,330"
Total War: MEDIEVAL II - Definitive Edition,"4,323"
Guild Wars 2,"4,314"
Unnamed Space Idle,"4,314"
Mass Effect™ Legendary Edition,"4,293"
MARVEL SNAP,"4,283"
Remnant II,"4,266"
Teardown,"4,249"
Amarillo's Butt Slapper,"4,223"
Timberborn,"4,221"
Shop Titans,"4,213"
Melvor Idle,"4,162"
VPet,"4,151"
Halo: The Master Chief Collection,"4,142"
The Planet Crafter,"4,123"
Crossout,"4,101"
Fishing Planet,"4,079"
Transport Fever 2,"4,051"
Hades II,"4,046"
Fallout: New Vegas,"4,014"
Assetto Corsa Competizione,"4,010"
Mad Max,"3,980"
Portal 2,"3,966"
Cult of the Lamb,"3,924"
Cell to Singularity - Evolution Never Ends,"3,919"
雀魂麻将(MahjongSoul),"3,873"
Paladins,"3,866"
Age of Empires II (2013),"3,820"
Barotrauma,"3,785"
Planet Coaster 2,"3,782"
Company of Heroes 2,"3,780"
Mount & Blade: Warband,"3,661"
Arma Reforger,"3,644"
NGU IDLE,"3,615"
OVR Advanced Settings,"3,602"
NBA 2K24,"3,595"
Fields of Mistria,"3,595"
Content Warning,"3,539"
God of War,"3,538"
Last Epoch,"3,512"
Call of Duty: Black Ops III,"3,505"
DARK SOULS™: REMASTERED,"3,471"
Magicraft,"3,414"
Need for Speed™ Heat,"3,407"
DAVE THE DIVER,"3,396"
Sky: Children of the Light,"3,393"
Call to Arms - Gates of Hell: Ostfront,"3,393"
Total War: EMPIRE - Definitive Edition,"3,376"
S.T.A.L.K.E.R.: Shadow of Chernobyl,"3,362"
Space Station 14 Playtest,"3,353"
Marvel’s Spider-Man Remastered,"3,352"
Total War: THREE KINGDOMS,"3,312"
Horizon Forbidden West™ Complete Edition,"3,304"
Days Gone,"3,300"
LOCKDOWN Protocol,"3,282"
Workers & Resources: Soviet Republic,"3,267"
Anno 1800,"3,258"
Metro Exodus,"3,249"
Company of Heroes 3,"3,235"
Chained Together,"3,230"
For Honor,"3,226"
Tom Clancy's The Division 2,"3,206"
ULTRAKILL,"3,205"
Lossless Scaling,"3,188"
Borderlands 2,"3,187"
Idle Champions of the Forgotten Realms,"3,156"
Farming Simulator 19,"3,154"
ShareX,"3,152"
Deep Rock Galactic: Survivor,"3,115"
Noita,"3,097"
STAR WARS Jedi: Fallen Order™,"3,068"
Shrimp,"3,063"
Coral Island,"3,052"
Farmer Against Potatoes Idle,"3,039"
EA SPORTS™ Madden NFL 25,"3,037"
Dragon's Dogma 2,"3,025"
Soundpad Demo,"2,986"
Grim Dawn,"2,971"
Against the Storm,"2,965"
Grand Theft Auto IV: The Complete Edition,"2,962"
Dyson Sphere Program,"2,955"
Bellwright,"2,942"
Mechabellum,"2,934"
MX Bikes,"2,933"
Nuclear Nightmare,"2,927"
Kerbal Space Program,"2,926"
Half Sword Playtest,"2,920"
Tap Ninja,"2,896"
Escape the Backrooms,"2,864"
Ghost Recon Breakpoint,"2,859"
Middle-earth™: Shadow of War™,"2,853"
RuneScape,"2,811"
Void Crew,"2,799"
Half-Life,"2,793"
The Lord of the Rings: Return to Moria™,"2,777"
Party Animals,"2,769"
EA SPORTS™ FIFA 23,"2,743"
FINAL FANTASY XVI,"2,719"
Crush Crush,"2,687"
Conqueror's Blade,"2,678"
Metro Exodus Enhanced Edition,"2,658"
Yu-Gi-Oh! Duel Links,"2,648"
Assassin's Creed Valhalla,"2,647"
Wartales,"2,638"
Persona 3 Reload,"2,634"
Total War: WARHAMMER II,"2,615"
The Elder Scrolls V: Skyrim,"2,608"
GUILTY GEAR -STRIVE-,"2,588"
RISK: Global Domination,"2,586"
Batman™: Arkham Knight,"2,578"
Chivalry 2,"2,577"
Cuphead,"2,562"
Mortal Kombat 1,"2,542"
X4: Foundations,"2,541"
UNCHARTED™: Legacy of Thieves Collection,"2,538"
Total War: SHOGUN 2,"2,534"
My Summer Car,"2,525"
Automobilista 2,"2,523"
Wallpaper Alive,"2,519"
Dead Cells,"2,517"
ASKA,"2,498"
Overcooked! 2,"2,477"
PowerWash Simulator,"2,443"
Clicker Heroes,"2,431"
The Crew 2,"2,428"
Human Fall Flat,"2,428"
GrandChase,"2,408"
Football Manager 2022,"2,400"
Totally Accurate Battle Simulator,"2,386"
Plants vs. Zombies: Game of the Year,"2,361"
Total War: ATTILA,"2,357"
Subnautica: Below Zero,"2,354"
The Long Dark,"2,343"
STAR WARS Jedi: Survivor™,"2,322"
Myth of Empires,"2,311"
Frostpunk,"2,302"
Abiotic Factor,"2,296"
Black Mesa,"2,291"
BLOODSTRIKE,"2,276"
Stormworks: Build and Rescue,"2,271"
SILENT HILL 2,"2,266"
Trailmakers,"2,254"
Sniper Elite 5,"2,251"
Pixel Gun 3D: PC Edition,"2,241"
BLEACH Brave Souls - 3D Action,"2,229"
FIFA 22,"2,214"
Halo Infinite,"2,196"
Back 4 Blood,"2,194"
Red Dead Redemption,"2,188"
Shakes and Fidget,"2,185"
Age of History 3,"2,183"
Backrooms: Escape Together,"2,182"
Pummel Party,"2,182"
CarX Drift Racing Online,"2,180"
The Outlast Trials,"2,176"
Green Hell,"2,175"
Disco Elysium,"2,162"
The God's Chain,"2,156"
Insurgency: Sandstorm,"2,144"
Celeste,"2,140"
PlateUp!,"2,128"
Heroes of Might & Magic III - HD Edition,"2,113"
Combat Master,"2,105"
Rec Room,"2,101"
Firestone: Online Idle RPG,"2,099"
Wandering Sword,"2,093"
Scrap Mechanic,"2,070"
Tom Clancy's Ghost Recon® Wildlands,"2,063"
鬼谷八荒 Tale of Immortal,"2,059"
Torchlight: Infinite,"2,055"
Leaf Blower Revolution - Idle Game,"2,051"
Lost Light,"2,050"
Battlefield 4™,"2,048"
Spirit City: Lofi Sessions,"2,045"
METAL GEAR SOLID V: THE PHANTOM PAIN,"2,043"
The Spell Brigade,"2,042"
Astral Party,"2,034"
BattleBit Remastered,"2,030"
State of Decay 2,"2,016"
Mortal Kombat 11,"2,010"
They Are Billions,"2,007"
Far Cry 6,"1,989"
Ravenswatch,"1,971"
XSOverlay,"1,968"
Brick Rigs,"1,962"
The Last of Us™ Part I,"1,958"
Romancing SaGa 2: Revenge of the Seven,"1,954"
One-armed robber,"1,947"
Crusader Kings II,"1,945"
BATTLETECH,"1,943"
Sid Meier's Civilization IV: Beyond the Sword,"1,934"
STAR WARS™ Empire at War: Gold Pack,"1,933"
Pro Soccer Online,"1,910"
大侠立志传：碧血丹心,"1,895"
Castle Crashers,"1,895"
Backpack Battles,"1,891"
DARK SOULS™ II: Scholar of the First Sin,"1,863"
Metro 2033 Redux,"1,862"
Sid Meier's Civilization III: Complete,"1,861"
Inscryption,"1,859"
ROMANCE OF THE THREE KINGDOMS 8 REMAKE,"1,855"
World War Z,"1,853"
Gunfire Reborn,"1,847"
Jurassic World Evolution 2,"1,844"
MY HERO ULTRA RUMBLE,"1,843"
Horizon Zero Dawn™ Complete Edition,"1,825"
Nine Sols,"1,823"
Rivals of Aether II,"1,815"
ACE COMBAT™7: SKIES UNKNOWN,"1,814"
War Robots,"1,814"
House Flipper 2,"1,809"
Star Wars Outlaws,"1,803"
DiRT Rally 2.0,"1,792"
SMITE 2,"1,775"
Crime Scene Cleaner,"1,760"
Ranch Simulator,"1,751"
Dungeon Clawler,"1,736"
Undertale,"1,734"
The Long Drive,"1,727"
NBA 2K23,"1,724"
Dark Sector,"1,718"
WWE 2K24,"1,712"
Like a Dragon: Infinite Wealth,"1,707"
Derail Valley,"1,704"
Titanfall® 2,"1,700"
Lords Mobile,"1,695"
Galaxy Idle Clicker,"1,693"
Suicide Squad: Kill the Justice League,"1,686"
Frostpunk 2,"1,684"
Aeons Echo,"1,676"
Car Mechanic Simulator 2021,"1,672"
小黑盒加速器,"1,666"
AdVenture Capitalist,"1,663"
Empyrion - Galactic Survival,"1,663"
HudSight - crosshair overlay,"1,660"
Goat Simulator 3,"1,649"
The Sims™ 3,"1,648"
Men of War: Assault Squad 2,"1,646"
Predecessor,"1,632"
Farthest Frontier,"1,616"
Your Chronicle,"1,613"
Sunkenland,"1,607"
Total War: NAPOLEON - Definitive Edition,"1,607"
SAO Utils 2: Progressive,"1,605"
Dragon Age™ Inquisition,"1,604"
DEATH STRANDING DIRECTOR'S CUT,"1,603"
Muck,"1,602"
F1® Manager 2024,"1,595"
Fallout Shelter,"1,581"
Dwarven Realms,"1,579"
Knight Online,"1,577"
Spiritfarer®: Farewell Edition,"1,575"
Stay Out,"1,572"
My Time at Sandrock,"1,567"
WolfQuest: Anniversary Edition,"1,561"
KovaaK's,"1,558"
Idling to Rule the Gods,"1,308"
The Elder Scrolls IV: Oblivion,"1,307"
HudSight - crosshair overlay,"1,298"
Brick Rigs,"1,297"
DEATH STRANDING DIRECTOR'S CUT,"1,297"
War Robots,"1,292"
Ranch Simulator,"1,290"
DiRT Rally 2.0,"1,290"
Transformice,"1,289"
STAR WARS™ Battlefront™ II,"1,289"
DOOM Eternal,"1,289"
Phantasy Star Online 2 New Genesis,"1,289"
MechWarrior 5: Mercenaries,"1,286"
Roboquest,"1,285"
FTL: Faster Than Light,"1,277"
Plants vs. Zombies™ Garden Warfare 2: Deluxe Edition,"1,277"
Resident Evil 2,"1,270"
shapez 2,"1,267"
Football Manager 2020,"1,265"
Nightingale,"1,254"
Fallout Shelter,"1,254"
Battle Brothers,"1,252"
Assassin's Creed Mirage,"1,242"
Spiritfarer®: Farewell Edition,"1,242"
Stream Avatars,"1,241"
eFootball PES 2021 SEASON UPDATE,"1,238"
Bodycam,"1,238"
SONIC X SHADOW GENERATIONS,"1,237"
Gorilla Tag,"1,231"
Lords Mobile,"1,227"
From The Depths,"1,224"
ROUNDS,"1,218"
Age of Mythology: Extended Edition,"1,216"
Men of War: Assault Squad 2,"1,211"
Goat Simulator 3,"1,209"
Metro 2033 Redux,"1,207"
FINAL FANTASY VII EVER CRISIS,"1,205"
Lies of P,"1,203"
Company of Heroes,"1,196"
Star Trek Online,"1,195"
KINGDOM HEARTS -HD 1.5+2.5 ReMIX-,"1,195"
Summoners War: Chronicles,"1,193"
The Lord of the Rings Online™,"1,192"
Lost Light,"1,191"
DCS World Steam Edition,"1,190"
SAO Utils 2: Progressive,"1,183"
Assassin's Creed Origins,"1,183"
Graveyard Keeper,"1,181"
Muck,"1,181"
Dwarf Fortress,"1,179"
Beasts of Bermuda,"1,172"
ARMORED CORE™ VI FIRES OF RUBICON™,"1,168"
Source Filmmaker,"1,164"
Antimatter Dimensions,"1,163"
Scrap Mechanic,"1,158"
One-armed robber,"1,156"
Your Only Move Is HUSTLE,"1,151"
Business Tour - Online Multiplayer Board Game,"1,151"
Rising Storm 2: Vietnam,"1,147"
OVR Toolkit,"1,144"
Construction Simulator,"1,142"
NieR:Automata™,"1,134"
ZERO Sievert,"1,131"
CarX Street,"1,131"
小黑盒加速器,"1,121"
Enter the Gungeon,"1,121"
Eco,"1,116"
F1® 23,"1,111"
Diplomacy is Not an Option,"1,110"
Shin Megami Tensei V: Vengeance,"1,109"
UFO 50,"1,101"
Stranded: Alien Dawn,"1,101"
Tomb Raider,"1,100"
Far Cry 4,"1,100"
UBOAT,"1,097"
Supreme Commander: Forged Alliance,"1,094"
Total War: PHARAOH DYNASTIES,"1,090"
"Warhammer 40,000: Dawn of War - Soulstorm","1,085"
Library Of Ruina,"1,080"
Resident Evil Village,"1,079"
Planet Coaster,"1,078"
大侠立志传：碧血丹心,"1,077"
Rise of the Tomb Raider,"1,073"
HUMANKIND™,"1,073"
World War Z,"1,072"
Yakuza 0,"1,071"
Fall Guys,"1,067"
Spore,"1,066"
Yakuza: Like a Dragon,"1,065"
Command & Conquer™ Generals Zero Hour,"1,065"
Out of the Park Baseball 25,"1,063"
Portal,"1,062"
Wandering Sword,"1,058"
Batman: Arkham City GOTY,"1,049"
Rain World,"1,047"
Darkest Dungeon® II,"1,042"
Trackmania,"1,041"
Norland,"1,036"
Horizon Zero Dawn™ Remastered,"1,031"
Catan Universe,"1,030"
FINAL FANTASY VII REMAKE INTERGRADE,"1,027"
Going Medieval,"1,027"
The Crew Motorfest,"1,024"
Drova - Forsaken Kin,"1,023"
99 Waves to Die,"1,018"
PGA TOUR 2K23,"1,015"
Cosmoteer: Starship Architect & Commander,"1,014"
For The King II,"1,013"
S.T.A.L.K.E.R.: Call of Pripyat,"1,005"
MyDockFinder,"1,002"
"Warhammer 40,000: Gladius - Relics of War","1,001"
Nioh 2 – The Complete Edition,997
Marvel's Midnight Suns,993
Tiny Tina's Wonderlands,992
Dale & Dawson Stationery Supplies,991
Command & Conquer™ Remastered Collection,986
Mouthwashing,985
SNOWBREAK,982
DEAD OR ALIVE Xtreme Venus Vacation,981
Driver Booster for Steam,978
Peglin,976
ROMANCE OF THE THREE KINGDOMS XIV,974
Train Sim World® 5,970
PlanetSide 2,967
Granado Espada,960
Farlight 84,958
Mr.Mine,955
20 Small Mazes,954
DRAGON QUEST XI S: Echoes of an Elusive Age – Definitive Edition,951
Fast Food Simulator: Prologue,951
Tropico 6,946
Neverwinter Nights: Enhanced Edition,946
Gems of War,944
Asphalt Legends Unite,943
鬼谷八荒 Tale of Immortal,934
Dome Keeper,932
Sword of Convallaria,932
PAYDAY 3,932
Assassin's Creed IV Black Flag,930
Stronghold Crusader HD,929
Mortal Online 2,928
March of Empires,927
Idle Sphere,927
Sniper Elite 4,925
Blade & Sorcery,925
Idle Cave Miner,924
DRAGON BALL FighterZ,923
Undecember,923
LEGO® Star Wars™: The Skywalker Saga,922
"Warhammer 40,000: Inquisitor - Martyr",921
Rome: Total War,921
Just Cause 3,919
Horny Villa,912
Soulstone Survivors,908
Sengoku Dynasty,907
OMSI 2,904
Wobbly Life,904
Tavern Master,902
Lobotomy Corporation,901
A Way Out,901
DOOM,899
Grand Theft Auto: San Andreas - The Definitive Edition,896
Mafia: Definitive Edition,894
DREDGE,892
FINAL FANTASY XIV Online Free Trial,891
Don't Starve,891
Command & Conquer: Red Alert™ 2 and Yuri’s Revenge™,884
Half-Life: Alyx,882
Outward,880
Farm Together 2,875
Dota Underlords,875
Ravenfield,873
Ultimate Admiral: Dreadnoughts,873
Madden NFL 24,869
Cossacks 3,869
Age of Empires: Definitive Edition,864
プロ野球スピリッツ2024-2025,863
RaceRoom Racing Experience,862
Pro Soccer Online,861
Generation Zero®,860
Titan Quest Anniversary Edition,859
Gold Mining Simulator,857
KARDS - The WWII Card Game,856
Batman™: Arkham Origins,856
Pocket Waifu: Desktop Pet,851
Watch_Dogs 2,844
江湖客栈-赛季模式,840
Metro: Last Light Redux,839
Escape Simulator,834
GTFO,831
Infection Free Zone,827
Middle-earth™: Shadow of Mordor™,826
Batman: Arkham Asylum GOTY Edition,823
Train Simulator Classic 2024,822
Left 4 Dead,821
Trove,820
Devil May Cry 5,819
Dead Island 2,819
Rise of Nations: Extended Edition,817
ICBM: Escalation,816
PANICORE,814
Captain of Industry,813
My Singing Monsters,811
Wreckfest,810
Godot Engine,809
Mafia III: Definitive Edition,807
Ale & Tale Tavern,806
Sid Meier's Civilization: Beyond Earth,806
Skill Legends Royale,801
Avorion,800
Astral Party,799
Pathfinder: Kingmaker,797
Neverwinter,797
Golf It!,785
DRAGON BALL Z: KAKAROT,782
Resident Evil 5,778
(the) Gnorp Apologue,776
Bopl Battle,773
Stacklands,772
Shadow of the Tomb Raider,768
Fallout 3 - Game of the Year Edition,766
Far Cry® 3,765
MechWarrior 5: Clans,765
Stray,760
Wayfinder,759
Sid Meier's Civilization IV,754
SAO Utils: Beta,752
Windblown,750
S.T.A.L.K.E.R.: Clear Sky,749
I Am Future: Cozy Apocalypse Survival,748
Dishonored 2,746
NOBUNAGA'S AMBITION: Awakening,744
XCOM: Enemy Unknown,743
Demonologist,742
Dead Space,740
Pacific Drive,739
Gang Beasts,738
Age of History II,737
Dinkum,735
Stay Out,733
ContractVille,731
Dune: Spice Wars,731
Subverse,731
Uncharted Waters Origin,730
Gloomhaven,726
Tiny Glade,723
Automation - The Car Company Tycoon Game,722
Deadside,719
修仙小屋,719
The Walking Dead: The Telltale Definitive Series,718
Lost But Found,716
Resident Evil 7 Biohazard,715
This War of Mine,714
Resident Evil 4 (2005),713
RPG Maker MV,712
theHunter Classic,711
MechWarrior Online,710
Surviving Mars,708
Slime Rancher 2,708
Trimps,707
Wingspan,707
Wizard101,706
Divinity: Original Sin Enhanced Edition,703
Slapshot: Rebound,703
Big Ambitions,702
Borderlands GOTY Enhanced,699
Banished,698
We Who Are About To Die,697
Bloons TD Battles 2,696
Solasta: Crown of the Magister,695
The Texas Chain Saw Massacre,691
Contraband Police,690
Death Must Die,689
Fish Idle 2: Underwater Mystery,683
Avatar: Frontiers of Pandora,678
Axis & Allies 1942 Online,676
ONE PIECE Bounty Rush,674
Football Manager 2019,673
Imperator: Rome,672
Z1 Battle Royale,671
OMORI,670
Thronefall,667
RAID: Shadow Legends,667
Apple,667
Lords of the Fallen,667
A Little to the Left,666
Yet Another Zombie Survivors,666
Travellers Rest,665
Super Auto Pets,662
Grocery Store Simulator,661
Plague Inc: Evolved,660
Beat Saber,660
DEVOUR,659
Assassin's Creed Unity,657
Homicipher,656
Cassette Beasts,655
Barony,654
EARTH DEFENSE FORCE 6,653
FINAL FANTASY X/X-2 HD Remaster,652
Conflict of Nations: World War 3,651
Gothic II: Gold Classic,648
Idle Clans,646
Rusty's Retirement,644
RPG Maker MZ,644
Microsoft Flight Simulator X: Steam Edition,643
Outpost: Infinity Siege,643
Shape of Dreams: Prologue,638
Ship Graveyard Simulator 2,638
Realm Grinder,635
Poppy Playtime,635
EA SPORTS™ WRC 24,634
Idle Wizard,633
Old World,633
War Selection,632
Towers of Aghasba,632
Fast Food Simulator Demo,631
Rocksmith® 2014 Edition - Remastered,630
Idle Hero TD,629
OpenTTD,628
EVGA Precision X1,627
Ultimate Chicken Horse,625
Witchfire,625
Necesse,624
Mabinogi,620
Stick Fight: The Game,619
DICEOMANCER,618
Tom Clancy's The Division,614
Victoria II,612
Pillars of Eternity,609
恐龙岛,608
ENDLESS™ Space 2,608
Kingdoms Reborn,604
Sleeping Dogs: Definitive Edition,603
The Perfect Tower II,603
Jagged Alliance 3,601
Resident Evil 6,598
Way of the Hunter,596
Forza Motorsport,595
Baldur's Gate: Enhanced Edition,594
Coloring Pixels,593
Mass Effect™: Andromeda,593
Drug Dealer Simulator 2,588
Terra Invicta,585
Game of Thrones Winter is Coming,583
Isonzo,583
ATLAS,579
Atomic Heart,579
POSTAL 2,577
Orcs Must Die! 3,575
Control Ultimate Edition,572
Ratchet & Clank: Rift Apart,570
Dishonored,570
Songs of Conquest,569
Slay the Princess — The Pristine Cut,568
Granblue Fantasy: Relink,567
Hitman: Absolution,566
Sea of Stars,565
Terraforming Mars,565
Mafia II: Definitive Edition,563
Pizza Tower,561
3DMark,556
Incremental Epic Hero 2,555
RealFlight Evolution,555
Call of Duty®: Black Ops Cold War,554
NARUTO SHIPPUDEN: Ultimate Ninja STORM 4,554
For The King,554
The Witcher: Enhanced Edition,553
Krita,553
A Dance of Fire and Ice,552
Panzer Corps 2,552
Zuma Deluxe,551
Phoenix Wright: Ace Attorney Trilogy,550
Six Days in Fallujah,549
Starship Troopers: Extermination,548
CounterSide,548
Survival: Fountain of Youth,546
Prey,545
Natural Selection 2 Dedicated Server,543
Spelunky 2,543
Worms W.M.D,543
Haven & Hearth,542
Rivals of Aether,541
FINAL FANTASY XV WINDOWS EDITION,541
RetroArch,539
The Jackbox Party Pack 3,539
Alien: Isolation,539
South Park™: The Stick of Truth™,537
Bitburner,536
Papa's Pizzeria Deluxe,536
Wargame: Red Dragon,535
Dead Frontier 2,534
OyasumiVR,531
Shadows of Doubt,531
Dungeon Defenders II,530
Town of Salem 2,527
Pillars of Eternity II: Deadfire,526
Techtonica,526
Braise Satan,524
Vigor,524
Karos,523
Action Taimanin,522
Psychonauts 2,522
Borderless Gaming,522
Wolfenstein II: The New Colossus,521
Epic Auto Towers,521
Old Market Simulator,520
Gas Station Simulator,519
Pickle,518
Two Point Hospital,518
Cry of Fear,518
Smalland: Survive the Wilds,517
Euro Truck Simulator 2 Demo,516
Undawn,515
Expeditions: Rome,515
Soccer Manager 2025,515
Temtem: Swarm,512
Need for Speed™ Payback,512
Temtem,512
Mindustry,512
Angel Legion: LSP Idle RPG,510
The Elder Scrolls III: Morrowind,509
X-Plane 11,509
X-Plane 12,509
Hydroneer,508
DUCKSIDE,507
Doki Doki Literature Club,505
Ultimate General: Civil War,504
Wasteland 3,504
Idle Fishing,504
Dragon's Dogma: Dark Arisen,504
Potion Craft: Alchemist Simulator,502
Call of Duty: Black Ops,501
"Ayase, the Sexy Archer",500
Metal Slug: Awakening,500
Sonic Adventure™ 2,498
剑气劫：灵州修仙录,496
METAL GEAR RISING: REVENGEANCE,495
Alice: Madness Returns,493
Wolfenstein: The New Order,492
Railroader,491
Increlution,491
DEATH NOTE Killer Within,490
Forager,490
Borderlands: The Pre-Sequel,489
Outlast,489
Steel Division 2,489
Dragon Age II,487
Total War: WARHAMMER,483
The Rise of the Golden Idol,482
Monster Train,481
Baldur's Gate II: Enhanced Edition,479
Granblue Fantasy Versus: Rising,475
Universe Sandbox,474
Police Simulator: Patrol Officers,473
Command & Conquer 3: Kane's Wrath™,473
LEGO® MARVEL Super Heroes,473
Sifu,472
City Car Driving,470
NIMRODS,470
Valheim Dedicated Server,469
The Infected,469
Blasphemous 2,467
KLETKA Demo,466
Hamster Combat,465
Football Manager 2017,463
Empires of the Undergrowth,461
Toram Online,461
NARUTO TO BORUTO: SHINOBI STRIKER,461
ShellShock Live,461
MOBILE SUIT GUNDAM BATTLE OPERATION 2,460
Caliber,459
The Escapists 2,455
Synergy,453
Warface: Clutch,453
Mortal Kombat X,451
Will To Live Online,451
Call of Duty: Black Ops II - Zombies,450
ASTRA: Knights of Veda,450
Football Manager 2018,447
SimCity 4 Deluxe,447
Gran Saga,447
Need for Speed™,447
Metaphor: ReFantazio - Prologue Demo,446
1v1.LOL,446
STAR WARS™ Knights of the Old Republic™ II: The Sith Lords™,445
MudRunner,445
Widget Inc.,445
Beyond: Two Souls,444
Stationeers,443
Five Hearts Under One Roof,442
LurkBait Twitch Fishing,442
Banana Shooter,442
Project Hospital,441
Call of Duty: World at War,441
Grand Theft Auto: San Andreas,441
The Last Spell,440
Dorfromantik,440
Skul: The Hero Slayer,439
Storage Hunter,438
Super Animal Royale,438
Winning Post 10 2024,438
Tower of Fantasy,438
Yakuza Kiwami,437
VTOL VR,437
Remnant: From the Ashes,437
Kingdoms and Castles,436
Command & Conquer™ Red Alert™ 3,435
TUNIC,435
Call of Duty®: Modern Warfare®,434
GROUND BRANCH,434
The Witcher 2: Assassins of Kings Enhanced Edition,434
Knights of Honor II: Sovereign,433
VRoid Studio,433
Satisfactory Modeler,432
OCTOPATH TRAVELER II,432
Half Sword Demo,432
Forts,431
Mini Motorways,431
EVERSPACE™ 2,430
Smashing Simulator Idle,429
Bejeweled 3,426
Nexuiz Dedicated Server,426
Mad Island,426
Dawn of Man,425
Need for Speed™ Most Wanted,424
"Warhammer 40,000: Chaos Gate - Daemonhunters",424
South Park The Fractured But Whole,422
Stronghold Kingdoms,421
TEKKEN 7,421
ZEPHON,420
Teenage Mutant Ninja Turtles: Splintered Fate,419
Kebab Chefs! - Restaurant Simulator,419
GWENT: The Witcher Card Game,417
Real Pool 3D - Poolians,415
DPS IDLE 2,414
Steep,413
Standable: Full Body Estimation,412
Dungeon Defenders,411
Palworld Dedicated Server,411
SCP: 5K (Alpha Testing),411
Source SDK Base 2013 Multiplayer,411
Romance of the Three Kingdoms XI with Power Up Kit,409
DELTARUNE (Chapter 1 & 2 DEMO),407
BioShock Remastered,407
Age of Empires® III (2007),407
觅长生,407
Rabbit and Steel,407
IfSunSets,406
Counter-Strike: Condition Zero,406
FINAL FANTASY VII,404
Farming Simulator 17,403
Holdfast: Nations At War,403
We Were Here Forever,402
"Papers, Please",402
吞食天地2：誕生,402
Far Cry Primal,401
Minecraft Dungeons,400
Sins of a Solar Empire: Rebellion,399
Quake Live,399
Inside the Backrooms,398
PICO PARK 2,397
Dirty League,397
Papa's Freezeria Deluxe,396
Aliens: Fireteam Elite,395
SULFUR,395
Songs of Syx,394
No More Room in Hell,393
The Forever Winter,392
Hotline Miami 2: Wrong Number,392
Watch_Dogs,392
Resident Evil 3,392
Enderal: Forgotten Stories (Special Edition),391
Liftoff,391
Eden Crafters,391
Command & Conquer 3: Tiberium Wars™,390
Hero Siege,390
Tactical Breach Wizards,390
rFactor 2,388
Stronghold: Definitive Edition,388
Killing Floor Dedicated Server - Linux,388
HonkaiImpact 3rd,388
Aliens: Dark Descent,388
Voidtrain,386
DC Universe Online,386
"Warhammer 40,000: Dawn of War - Dark Crusade",385
Sledders,384
Squad 44,384
Killing Floor,384
Spectre Divide,384
The Jackbox Party Pack 7,383
Sven Co-op,383
"Star Wars: Battlefront 2 (Classic, 2005)",383
Master of Orion,382
RIDE 5,382
Two Point Campus,381
Source SDK Base 2013 Dedicated Server,380
The Crust,380
Tomb Raider I-III Remastered Starring Lara Croft,380
DEAD OR ALIVE Xtreme Venus Vacation [JP],379
Railway Empire 2,379
Doomsday: Last Survivors,379
One-armed cook,378
Millennia,378
Space Haven,378
TCG Card Shop Simulator: Prologue,378
Dune: Imperium,377
Hotline Miami,375
Dollar,374
Heavily Armed,374
Ember Knights,374
Ori and the Will of the Wisps,373
Out of Ore,373
Spyro™ Reignited Trilogy,372
The Elder Scrolls V: Skyrim VR,371
Galactic Civilizations IV,371
Pioneers of Pagonia,370
kings call,370
Chillquarium,369
Motor Town: Behind The Wheel,369
"Hot Dogs, Horseshoes & Hand Grenades",368
Vampire: The Masquerade - Bloodhunt,367
America's Army: Proving Grounds Dedicated Server,367
Counter-Strike Global Offensive - Dedicated Server,367
Hardspace: Shipbreaker,367
Source SDK Base 2013 Singleplayer,366
Clone Drone in the Danger Zone,364
FPS Chess,362
Day of Defeat: Source,362
Gotham Knights,362
NOBUNAGA'S AMBITION: Hadou,362
Raywin,361
TerraTech,361
FINAL FANTASY XII THE ZODIAC AGE,361
Besiege,360
VBridger,360
Getting Over It with Bennett Foddy,360
Caves of Qud,359
Mind Over Magic,359
Call of Duty 4: Modern Warfare (2007),359
Paint the Town Red,358
Viking Rise: Valhalla,358
The Haunted: Hells Reach Dedicated Server,357
HumanitZ,356
Minion Masters,356
CODE VEIN,356
Half-Life 2: Deathmatch,356
Drive Beyond Horizons Demo,355
EverQuest Free-to-Play,354
UNO,354
Mahjong Soul,354
Black Squad,354
Sniper Ghost Warrior Contracts 2,353
No Time to Relax,353
The Quarry,353
Far Cry New Dawn,353
The Outer Worlds,353
Symphony of War: The Nephilim Saga,352
Call of Duty: Modern Warfare 2 (2009),351
Desktop Pets,351
EMERGENCY,351
Shogun Showdown,350
Reverse: 1999,350
VEGA Conflict,350
Finnish Cottage Simulator,350
Bully: Scholarship Edition,350
We Were Here Together,348
Loop Hero,348
A Total War Saga: Thrones of Britannia,347
Red Orchestra Linux Dedicated Server,346
Dungeons & Dragons Online®,346
Little Nightmares,346
The Riftbreaker,345
My Time at Portia,345
流亡黯道,345
Sid Meier's Civilization IV: Colonization,345
Idle Spiral,345
Assassin's Creed II,344
Life is Strange: Double Exposure,344
TaleSpire,344
修真大陆,343
Dark Hours: Prologue,343
Omega Strikers,342
Yakuza Kiwami 2,342
Car Mechanic Simulator 2018,342
Animaze,342
War of Rights,341
Call of War,341
Tales of Arise,340
RoboCop: Rogue City,340
shapez,340
NEEDY GIRL OVERDOSE,339
Pro Cycling Manager 2024,339
LEGO® Star Wars™: The Complete Saga,338
Red Orchestra Windows Dedicated Server,338
Dark Hours,338
BioShock Infinite,338
Motorsport Manager,338
FireAlpaca SE,337
The Chronicles Of Myrtana: Archolos,337
PC Building Simulator,336
BlazeRush Dedicated Server,336
Amazing Cultivation Simulator,335
Ages of Conflict: World War Simulator,334
Atelier Resleriana: Forgotten Alchemy and the Polar Night Liberator [JP],333
POLYGON,332
Entropy : Zero 2,331
RutonyChat,330
Blush Blush,330
Backpack Hero,330
Sonic Frontiers,330
The Walking Dead,329
Galaxy Life,328
Digimon Masters Online,327
Judgment,327
Session: Skate Sim,327
Riders Republic,327
Nuclear Option,327
Lost Judgment,326
BlazBlue Centralfiction,326
Drug Dealer Simulator,326
STAR WARS™ Knights of the Old Republic™,325
FINAL FANTASY IX,325
GoreBox,324
Football Manager 2016,324
Dead Island Definitive Edition,324
Phoenix Point,323
Max Payne 3,323
Peaks of Yore,323
ShapeHero Factory,322
Brink Dedicated Server,322
Door Kickers 2,322
Heroes of Hammerwatch,322
Pharaoh: A New Era,321
RollerCoaster Tycoon: Deluxe,320
Football Manager 2015,320
"Warhammer 40,000: Dawn of War II - Retribution",320
LastCloudiaTc,320
Ori and the Blind Forest: Definitive Edition,320
Tribes of Midgard,319
Stronghold Crusader 2,318
Waifu,317
Shadowverse,317
Apollo Justice: Ace Attorney Trilogy,316
Summer Clover,316
Backyard Baseball '97,315
RACE On - Demo: Dedicated Server,315
Disney Speedstorm,314
In Stars And Time,314
Football Manager 2024 Editor,314
STCC - The Game Demo Dedicated Server,314
Life is Strange™,314
Naval Action,314
DYNASTY WARRIORS: ORIGINS Demo,314
Digimon Story Cyber Sleuth: Complete Edition,313
DOOM + DOOM II,312
Turmoil,312
Rogue Legacy 2,312
Codename Gordon,312
fpsVR,312
Pixel Puzzles 2: Birds,311
Soulworker,311
FINAL FANTASY XIII,311
IXION,310
Nioh: Complete Edition,310
Thief Simulator,310
依盖之书 book of yog,309
Grand Fantasia：ORIGIN,309
Quake Champions,309
Supremacy 1914,308
ANIMAL WELL,308
Assassin's Creed Syndicate,308
Castlevania Dominus Collection,307
DRAGON BALL: THE BREAKERS,307
Marvel Puzzle Quest,307
NieR Replicant ver.1.22474487139...,306
Grand Theft Auto: Vice City - The Definitive Edition,306
Ghosts Of Tabor,305
Metro: Last Light Complete Edition,305
Action! - Gameplay Recording and Streaming,305
Placid Plastic Duck Simulator,304
Nuclear Dawn - Dedicated Server,304
Jurassic World Evolution,303
Tiny Rogues,303
Operation: Harsh Doorstop,303
Fallout: New Vegas PCR,303
JoJo's Bizarre Adventure: All-Star Battle R,303
Bloons Monkey City,302
Half-Life Dedicated Server,302
懒人修仙传2,302
Tower Unite,302
Aliens vs Predator Dedicated Server,302
High On Life,301
Town of Sins,301
Devil May Cry HD Collection,301
Monday Night Combat Dedicated Server,301
GUNDAM BREAKER 4,301
War Of Warship,301
Hatsune Miku: Project DIVA Mega Mix+,301
Astral Ascent,300
Call of Duty®: Modern Warfare® 3 (2011),300
Dino D-Day - Dedicated Server,300
Panzer Corps,300
DFHack - Dwarf Fortress Modding Engine,300
Idle Skilling,300
Love and Sex: Second Base,300
Anno 1404 - History Edition,300
Homefront Dedicated Server,299
Romance of the Three Kingdoms XIII,299
Painkiller Hell & Damnation Dedicated Server,298
Sniper Elite 4 Dedicated Server,298
Nomad Idle Playtest,298
Layers of Fear (2016),298
Peggle Deluxe,297
Stranded Deep,297
Unrailed 2: Back on Track,297
Le Mans Ultimate,296
ENDLESS™ Legend,296
Chrono Ark,296
Car For Sale Simulator 2023,296
Gears 5,295
Talisman: Digital Classic Edition,295
Everlasting Summer,295
CivIdle,295
Last Train Home,294
Fear & Hunger 2: Termina,294
Wildermyth,294
妖靈傳說,294
Airline Manager 4,293
三国杀,293
DJMAX RESPECT V,292
Counter-Strike Nexon,292
The Jackbox Megapicker,291
F1® 22,291
A Hat in Time,290
星之翼（Starward）,290
Portal Knights,290
The Talos Principle 2,290
Assassin's Creed III Remastered,289
Call of Duty: Modern Warfare 3 - Dedicated Server,289
TopSpin 2K25,289
Rogue Company,289
Risk of Rain Returns,289
BlazBlue Entropy Effect,288
Morimens,288
The Survivalists,287
Senren＊Banka,286
Finn Dorset's Institute For Livestock Replication,286
Insurgency,286
Menace from the Deep,286
Torchlight II,286
Trainz Railroad Simulator 2019,286
Wurm Online,285
Viscera Cleanup Detail,285
Battlefleet Gothic: Armada 2,285
IL-2 Sturmovik: Battle of Stalingrad,285
Warudo,284
EARTH DEFENSE FORCE 5,284
Operation: New Earth,283
Dread Hunger,283
Life is Strange 2,283
Gothic 3,283
Carnal Instinct,283
Night of the Dead,283
Chernobylite Complete Edition,283
Pixel Puzzles: UndeadZ,282
Into the Breach,282
Blood Bowl 3,282
Recycling Center Simulator,282
Prince of Persia The Lost Crown,281
Heroes of Might & Magic V: Tribes of the East,281
Summer Memories,281
Ostranauts,281
STRAFTAT,280
GameMaker,279
Fear & Hunger,279
Returnal™,279
Moonstone Island,279
Skull and Bones,279
Craft The World,279
KINGDOM HEARTS III + Re Mind (DLC),279
Call of the Wild: The Angler™,278
Onmyoji,278
Clanfolk,278
Overcooked! All You Can Eat,277
Call of Duty 2,277
Creeper World 4,277
NosTale,276
Bless Unleashed,275
Friends vs Friends,275
Yargis - Space Melee - Dedicated Server,274
Coromon,274
Lost Castle 2,274
The Outer Worlds: Spacer's Choice Edition,274
Soda Dungeon 2,274
LEGO® The Lord of the Rings™,274
Keep Talking and Nobody Explodes,272
Mon Bazou,272
Yakuza 5 Remastered,272
Supreme Commander 2,272
Age of Wonders III,272
Insurgency Dedicated Server,271
Dragon Cliff 龙崖,270
"Good Pizza, Great Pizza",270
Might & Magic Heroes VII,270
Terra Nil,269
Sprocket,269
Mirthwood,269
Need for Speed™ Hot Pursuit Remastered,269
Downfall - A Slay the Spire Fan Expansion,268
The Killing Antidote,268
Descenders,268
Hobo: Tough Life,267
NBA 2K22,267
Drunken Wrestlers 2,266
Karate Survivor,266
Potionomics,266
RollerCoaster Tycoon Classic,266
RPG Maker XP,266
Worms Armageddon,265
Totally Accurate Battlegrounds,265
Realm of Ink,265
RollerCoaster Tycoon® 3: Complete Edition,265
"Warhammer 40,000: Space Marine - Anniversary Edition",264
Stoneshard,264
OCTOPATH TRAVELER,264
Wall World,263
Football Manager 2014,263
Dominions 6,263
Deceit 2,263
Call of Duty: Modern Warfare 2 (2009) - Multiplayer,263
The Front,262
100% Orange Juice,262
Foundation,261
Call to Arms,260
Pavlov VR,260
Injustice™ 2,260
Gothic 1 Classic,260
House Party,260
HELLCARD,260
L.A. Noire,259
Waven,259
ChillPulse,259
Pixel Puzzles Ultimate Jigsaw,258
SWORD ART ONLINE Fractured Daydream,258
PICO PARK,258
Underworld Idle,258
Farm Together,258
Chants of Sennaar,258
Command & Conquer™ Red Alert™ 3 - Uprising,257
ASH ECHOES,256
PlayClaw 7,256
Realm Royale Reforged,256
SMASH LEGENDS,256
Grand Theft Auto III - The Definitive Edition,256
Satisfactory Dedicated Server,255
Bronzebeard's Tavern,254
Psychonauts,254
Streets of Rogue,253
Fractured Online,253
Grim Clicker,253
Railway Empire,252
Project Playtime,252
Resident Evil,252
Forever Skies,252
Cube Racer,252
Elsword,252
Bomb Rush Cyberfunk,251
The Binding of Isaac,251
Roots of Pacha,251
Broforce,251
Dungeon Alchemist,250
E.Y.E - Dedicated Server,250
Stolen Realm,250
iRacing,250
Duck Game,249
Ara: History Untold,249
Cat Goes Fishing,249
The Battle of Polytopia,249
Airport CEO,248
Just Cause 4,248
Suzerain,248
Cricket 24,248
City Bus Manager,248
Sniper Elite V2 Dedicated Server,247
WE ARE FOOTBALL 2024,247
Chef Life: A Restaurant Simulator,247
Outlast 2,246
Master Detective Archives: RAIN CODE Plus,246
Bloons TD Battles,246
PILGRIM,246
Rival Stars Horse Racing,246
Ultimate Epic Battle Simulator 2,245
Another Crab's Treasure,245
Poker Championship,245
Little Nightmares II,245
DYNASTY WARRIORS 8: Xtreme Legends Complete Edition,245
Megaloot,244
Football Manager 2012,244
SOULCALIBUR VI,242
Heavy Rain,242
Evil Genius 2,242
Book of Hours,241
Untitled Goose Game,241
Unrailed!,241
Distant Worlds 2,241
Kingdoms of Amalur: Re-Reckoning,240
Trepang2,240
RAILROADS Online,240
We Were Here,239
Assetto Corsa Dedicated Server,239
Halo Wars: Definitive Edition,239
Crusaders of the Lost Idols,239
Magic Research 2,239
Subsistence,238
Meme Mayhem,237
绝世好武功 The Matchless Kungfu,237
Neon White,236
SIGNALIS,236
Planetary Annihilation: TITANS,236
LAST CLOUDIA,236
"Warhammer 40,000: Warpforge",235
WAKFU,235
F1 2020,234
MONOPOLY Poker,234
Splitgate,234
Day of Dragons,233
We Were Here Too,233
HELLDIVERS™,233
Feed and Grow: Fish,233
东方夜雀食堂 - Touhou Mystia's Izakaya,232
Pixel Puzzles: Japan,231
Bopl Battle Demo,231
SOVL,231
Kingdom Rush 5: Alliance TD,231
幻想鱼箱,231
Order of Battle: World War II,230
Our Adventurer Guild,230
Baba Is You,230
DRAGON QUEST MONSTERS: The Dark Prince,230
SpeedRunners,230
Zula Türkiye,230
Alan Wake,230
Tavern Manager Simulator,230
Half-Life: Opposing Force,230
TrackMania Nations Forever,230
Karryn's Prison,230
Journey to Incrementalia,229
"Warhammer 40,000: Dawn of War II - Anniversary Edition",229
Murky Divers,229
Strange Horticulture,228
Watch Dogs: Legion,228
Ruined King: A League of Legends Story™,228
Emberward,228
OUTRIDERS,228
BONELAB,228
Bit Heroes,228
METAL SLUG ATTACK RELOADED,228
Rise of Eros,228
Puzzle Together,227
60 Seconds! Reatomized,227
Longvinter,227
Cloud Meadow,226
The Case of the Golden Idol,226
Fisher Online,226
Tactics Ogre: Reborn,226
Vampire Hunters,224
PlayStation®VR2 App,224
Supermarket Simulator: Prologue,224
Mafia II (Classic),223
Assassin's Creed Brotherhood,223
The Talos Principle,223
Ys X: Nordics,222
"Little Kitty, Big City",222
Like a Dragon Gaiden: The Man Who Erased His Name,221
AdventureQuest 3D,221
No More Room in Hell 2,221
My Garage,221
MADNESS: Project Nexus,220
Inkbound,220
SurrounDead,219
Heartwood Online,219
Star Trucker,219
Software Inc.,219
Labyrinthine,218
Ultimate Custom Night,217
Zula Global,217
DYSMANTLE,217
DARK SOULS™ II,217
Colony Survival,217
EverQuest II,217
Virtual Cottage,217
Parkitect,216
Madden NFL 23,216
Songs Of Silence,216
Super Sus,215
Fable Anniversary,215
The Henry Stickmin Collection,215
Being a DIK,215
Lightyear Frontier,215
BIGFOOT,215
America's Army: Proving Grounds,215
Yu-Gi-Oh! Legacy of the Duelist : Link Evolution,215
太吾绘卷 The Scroll Of Taiwu,214
Dungeons 4,214
Flashing Lights,214
Dungeon Crusher: Soul Hunters,214
INSIDE,214
Wildfrost,213
Shawarma Legend,213
Game Dev Tycoon,213
Fantasy Map Simulator,213
APB Reloaded,213
Deus Ex: Mankind Divided™,212
Global City,212
REKA,212
Quaver,212
Call of Duty: WWII,212
Persona 5 Strikers,212
火炬之光：无限,211
Trainz Railroad Simulator 2022,211
Cultist Simulator,211
Echo Point Nova,210
Marvel's Guardians of the Galaxy,210
Witch It,210
LEGO® MARVEL Super Heroes 2,209
Bloodstained: Ritual of the Night,209
Factorio Demo,209
Master of Orion 2,209
Cadria Item Shop,209
Crash Bandicoot™ N. Sane Trilogy,208
"Warhammer 40,000: Battlesector",208
Motel Manager Simulator,208
Animal Jam,208
Hexcells Infinite,208
Chef RPG,208
Ratopia,208
Ostriv,207
3on3 FreeStyle: Rebound,207
System Shock,207
Territory Idle,207
Sid Meier's Civilization IV: Warlords,207
Star Trek Timelines,207
Galaxy Burger,206
WGT Golf,206
Dead Estate,206
DRAGON BALL XENOVERSE,206
ONE PIECE: PIRATE WARRIORS 4,206
PixARK,205
Shelter 69,205
War Planet Online: Global Conquest,205
Yarimono,205
LoveBeat,204
Breathedge,204
Ship of Fools,203
Football Coach: College Dynasty,203
Iron Harvest,203
Warhammer: Chaos & Conquest,203
Ghost Watchers,203
3DMark Demo,202
Yakuza 3 Remastered,202
NASCAR Heat 5,202
Banishers: Ghosts of New Eden,202
Men of War II,202
Starship Troopers: Terran Command,201
Atelier Resleriana: Forgotten Alchemy and the Polar Night Liberator,200
Skullgirls 2nd Encore,200
麻雀一番街 - 本格麻雀ゲーム,200
EGG,200
Zuma's Revenge,200
Dungeons & Degenerate Gamblers,199
GRIS,199
Volcano Princess,199
LET IT DIE,199
Like a Dragon: Ishin!,199
King Arthur: Knight's Tale,199
Amber Isle,198
Danganronpa: Trigger Happy Havoc,198
MotoGP™24,198
Sniper Elite 3,197
American Truck Simulator Demo,197
Romance of the Three Kingdoms Hadou [JP],197
Time Clickers,197
Beastieball,197
Quasimorph,197
Heroes of Might & Magic V,197
MX vs ATV Legends,197
Our Life: Beginnings & Always,196
BioShock 2 Remastered,196
LEGO® City Undercover,196
Easy Red 2,195
Smart Game Booster,195
Fallout 2,195
Saints Row: The Third,195
Byte Family,195
A Plague Tale: Requiem,195
Bloons TD5,195
Zombie Army 4: Dead War,195
Slice & Dice,195
SpaceEngine,194
Life is Strange Remastered,194
Life is Feudal: Your Own,194
Infestation: The New Z,194
CARRION,194
Flobe,194
DRAGON QUEST BUILDERS™ 2,194
Crime Boss: Rockay City,194
Unpacking,193
HITMAN™ 2,193
The Jackbox Party Pack 6,193
Creeper World 3: Arc Eternal,193
The Political Process,192
Call of Duty: Black Ops II - Multiplayer,192
Rakion Chaos Force,192
Pixel Starships,192
Rogue Tower,192
EA SPORTS™ PGA TOUR™,192
LEGO® Batman™: The Videogame,192
Test Drive Unlimited Solar Crown,191
HuniePop,191
BattleBlock Theater,191
SCP: Containment Breach Multiplayer,191
Kena: Bridge of Spirits,190
修仙立志传,190
The Stanley Parable: Ultra Deluxe,190
Five Nights at Freddy's: Security Breach,190
NOBUNAGA'S AMBITION: Souzou with Power Up Kit,190
No Rest for the Wicked,190
Rotwood,190
The Wandering Village,189
Hello Neighbor,189
FreshWomen - Season 1,189
Prominence Poker,189
Chinese Parents,189
Rusted Warfare - RTS,189
A Total War Saga: TROY,188
Digimon World: Next Order,188
Disney Epic Mickey: Rebrushed,188
Planetbase,188
Command & Conquer™: Generals,188
Terminator: Resistance,188
Deceit,187
Xenonauts 2,187
The Genesis Order,187
LoveCraft,187
EA SPORTS™ FIFA 21,187
The Legend of Heroes: Trails through Daybreak,186
Until Then,186
Project CARS 2,186
Crysis Remastered,186
MLB Rivals,186
Skater XL,186
Stronghold 2,186
Sexbot,186
Uncrashed : FPV Drone Simulator,185
Mordheim: City of the Damned,185
Fallen Aces,185
Fae Farm,185
Battlefield 3™,185
In Sink,185
Dominion,184
Sonic Adventure DX,184
Dummynation,184
Permafrost Demo,184
Squirrel with a Gun,184
Booty Farm,184
Monster Hunter Stories 2: Wings of Ruin,183
Wizard And Minion Idle,183
FINAL FANTASY VIII - REMASTERED,183
Shredders,183
Resonite,183
三国群英传2,183
Galactic Civilizations III,183
Call of Duty: Black Ops - Multiplayer,182
NIMBY Rails,182
MEDIEVAL: Total War™ - Gold Edition,182
Mad Games Tycoon 2,182
へなぽらんど,181
Age of Wonders: Planetfall,181
Animal Revolt Battle Simulator,181
Asteroid Bounty Hunter,180
LEGO® Jurassic World,180
Starcom: Unknown Space,180
Out of the Park Baseball 24,180
Ninja Kiwi Archive,180
Dune: Awakening Playtest,180
Call of Duty: WWII - Multiplayer,180
CHRONO TRIGGER,180
Portal: Revolution,179
Critter Cove,179
Armored Warfare,179
Yakuza 4 Remastered,179
Danganronpa 2: Goodbye Despair,178
New Arc Line,178
Sim Companies,178
Graalonline Era,178
Battle for Wesnoth,178
Dream Dealer,177
Sid Meier's Colonization (Classic),177
Dead Space™ 3,176
Ultra Street Fighter IV,176
Sniper Elite 3,171
Super Mega Baseball 4,171
Terminator: Resistance,171
The Talos Principle,170
MONOPOLY Poker,170
The Jackbox Party Pack 9,169
Slice & Dice,169
FINAL FANTASY VI,169
Settlement Survival,169
Danganronpa: Trigger Happy Havoc,168
Nodebuster,168
State of Survival,168
Attack on Titan 2 - A.O.T.2,168
The Hungry Lamb: Traveling in the Late Ming Dynasty,168
Graalonline Era,168
Fae Farm,168
Pool 2D - Poolians,168
Town of Salem,167
Crypt of the NecroDancer,167
Infinity Kingdom,167
Sonic Adventure DX,166
Monster Sanctuary,166
New Arc Line,166
Football Manager 2014,166
SCP: Containment Breach Multiplayer,166
Starship Troopers: Terran Command,166
Sackboy™: A Big Adventure,166
Age of Wonders: Planetfall,166
Root,165
Come Home,165
Fallen Aces,165
EA SPORTS™ FIFA 21,165
Ultimate Marvel vs. Capcom 3,165
Visions of Mana,165
Ninja Kiwi Archive,164
三国群英传8 Kingdom Heroes 8,164
Xenonauts 2,164
Treasure of Nadia,164
King Arthur: Knight's Tale,164
Dead Space™ 3,163
Atlantica Global,163
NBA 2K20,163
Shredders,163
Dead Rising 3,162
Breachway,162
SurrounDead,162
Iron Harvest,162
Substance 3D Painter 2024,162
Warhammer: Chaos & Conquest,162
Ghostwire: Tokyo,162
中国式网游,162
Dungeonborne,161
Into the Radius 2,161
BioShock 2 Remastered,161
Fallout 2,161
The Evil Within,161
Rune Factory 5,161
Fate/Samurai Remnant,161
东方光耀夜 ~ Lost Branch of Legend,161
Neva,160
UNDER NIGHT IN-BIRTH II Sys:Celes,160
Hello Neighbor,160
コイカツ / Koikatsu Party,160
Harry Potter: Quidditch Champions,160
Kingdom Rush,159
Call of Duty: Modern Warfare 2 (2009) - Multiplayer,159
Heroes of Might & Magic V,159
The Stanley Parable: Ultra Deluxe,159
Legend of Mysteria,159
Yakuza 6: The Song of Life,159
Danganronpa 2: Goodbye Despair,159
Command & Conquer™: Generals,158
A Plague Tale: Requiem,158
Le Mans Ultimate,158
Breathedge,158
IdleTale,158
Sword Art Online: Integral Factor,158
Fabledom,158
Ostriv,158
RollerCoaster Tycoon 2: Triple Thrill Pack,157
东方：平野孤鸿,157
Idle Pins,156
We Were Here Too,156
Sonic Mania,156
Blackthorn Arena: Reforged,156
A Quiet Place: The Road Ahead,156
冒险小分队,156
Project QT,156
NavalArt,156
Live2DViewerEX,155
Pro Cycling Manager 2024,155
WARRIORS OROCHI 3 Ultimate Definitive Edition,155
Creeper World 3: Arc Eternal,155
Tainted Grail: The Fall of Avalon,155
Finnish Cottage Simulator,155
Warhammer Horus Heresy: Legions,155
The Oregon Trail,154
MARVEL vs. CAPCOM Fighting Collection: Arcade Classics,154
The Jackbox Party Starter,154
Dungeon Fighter Online,154
Sid Meier's Pirates!,154
The Jackbox Survey Scramble,154
Dungeons 4,154
A Date with Death,154
Wizard of Legend,154
TaskPals,153
Assassin's Creed Rogue,153
LEGO® Batman™ 3: Beyond Gotham,153
NEBULOUS: Fleet Command,153
Backyard Soccer '98,153
Critter Cove,153
CrossCode,153
VALKYRIE CONNECT,153
Luck be a Landlord,153
Need for Speed™ Rivals,153
STAR WARS™ Galactic Battlegrounds Saga,153
Unrailed!,152
Taiko Risshiden V DX,152
Codename Gordon,152
LEGO® City Undercover,152
Lords of the Realm II,151
SOMA,151
Kena: Bridge of Spirits,151
The Tenants,151
Ghostrunner,151
Demon Slayer -Kimetsu no Yaiba- The Hinokami Chronicles,151
Fallout,151
Spaceflight Simulator,150
No One Survived,150
Mad Games Tycoon 2,150
Dark Deception,150
R2Beat: 音速觉醒,150
The Legend of Heroes: Trails in the Sky,150
NIMBY Rails,149
DPET : Desktop Pet Engine,149
Underrail,149
Eternium,149
Planetbase,149
Terminator: Dark Fate - Defiance,149
Infinite Lagrange,148
Immortal Life,148
Spore: Galactic Adventures,148
Arma 2: Operation Arrowhead,148
Selaco,148
Winning Post 10,148
Banishers: Ghosts of New Eden,147
Starcom: Unknown Space,147
Bloobs Adventure Idle,147
Cataclismo,146
星际工业国,146
PNGTuber Plus,146
Rubbish,146
City Bus Manager,146
Mini Metro,145
Kerbal Space Program 2,145
Craftopia,145
"Warhammer 40,000: Dawn of War III",144
Armored Warfare,144
Blood Bowl 2,144
Hero Tale,144
Samawa Idle,144
Cobalt Core,144
Overlewd,144
DEATH STRANDING,143
"Warhammer 40,000: Mechanicus",143
Intruder,143
Pinball FX,143
THE KING OF FIGHTERS 2002 UNLIMITED MATCH,143
"Warhammer 40,000: Dawn of War - Anniversary Edition",143
NIGHT-RUNNERS PROLOGUE,142
飄流幻境,142
Atelier Ryza 2: Lost Legends & the Secret Fairy,142
極品采花郎,142
Breeders of the Nephelym: Alpha,142
VEIN Demo,142
:THE LONGING:,142
PGA TOUR 2K21,142
MEDIEVAL: Total War™ - Gold Edition,141
Atelier Ryza 3: Alchemist of the End & the Secret Key,141
Labyrinthine,141
STRANGER OF PARADISE FINAL FANTASY ORIGIN,141
Call of Duty: Black Ops II,141
SteamWorld Heist II,141
挂姬恶魔/IdleDevils,141
Shin Megami Tensei III Nocturne HD Remaster,141
Primordialis Demo,141
Fallout: New Vegas PCR,141
Ficket,140
Portal: Revolution,140
LEGO® Harry Potter: Years 1-4,140
Worshippers of Cthulhu,140
Operation Lovecraft: Fallen Doll Closed Beta,140
DEATHLOOP,139
STORY OF SEASONS: Friends of Mineral Town,139
Borderlands GOTY,139
To Be or Not to Be,139
Bard Idle,138
RPG Maker VX Ace,138
Infestation: The New Beginning,138
Fate/stay night REMASTERED,138
